player_name,nationality,type,teams,year,sponsored_by,sold_price
Robin Uthappa,Indian,Batsman,Chennai Super Kings,2022,TATA,20000000
Dwayne Bravo,Overseas,All-Rounder,Chennai Super Kings,2022,TATA,44000000
Ambati Rayudu,Indian,Wicket Keeper,Chennai Super Kings,2022,TATA,67500000
Deepak Chahar,Indian,Bowler,Chennai Super Kings,2022,TATA,140000000
C.Hari Nishaanth,Indian,Batsman,Chennai Super Kings,2022,TATA,2000000
N. Jagadeesan,Indian,Wicket Keeper,Chennai Super Kings,2022,TATA,2000000
K.M. Asif,Indian,Bowler,Chennai Super Kings,2022,TATA,2000000
Tushar Deshpande,Indian,Bowler,Chennai Super Kings,2022,TATA,2000000
Shivam Dube,Indian,All-Rounder,Chennai Super Kings,2022,TATA,40000000
Chris Jordan,Overseas,All-Rounder,Chennai Super Kings,2022,TATA,36000000
Maheesh Theekshana,Overseas,Bowler,Chennai Super Kings,2022,TATA,7000000
Rajvardhan Hangargekar,Indian,All-Rounder,Chennai Super Kings,2022,TATA,15000000
Simarjeet Singh,Indian,Bowler,Chennai Super Kings,2022,TATA,2000000
Devon Conway,Overseas,Batsman,Chennai Super Kings,2022,TATA,10000000
Dwaine Pretorius,Overseas,All-Rounder,Chennai Super Kings,2022,TATA,5000000
Mitchell Santner,Overseas,All-Rounder,Chennai Super Kings,2022,TATA,19000000
Adam Milne,Overseas,Bowler,Chennai Super Kings,2022,TATA,19000000
Subhranshu Senapati,Indian,Batsman,Chennai Super Kings,2022,TATA,2000000
Mukesh Choudhary,Indian,Bowler,Chennai Super Kings,2022,TATA,2000000
Prashant Solanki,Indian,Bowler,Chennai Super Kings,2022,TATA,12000000
K.Bhagath Varma,Indian,All-Rounder,Chennai Super Kings,2022,TATA,2000000
David Warner,Overseas,Batsman,Delhi Capitals,2022,TATA,62500000
Mitchell Marsh,Overseas,All-Rounder,Delhi Capitals,2022,TATA,65000000
Mustafizur Rahman,Overseas,Bowler,Delhi Capitals,2022,TATA,20000000
Shardul Thakur,Indian,Bowler,Delhi Capitals,2022,TATA,107500000
Kuldeep Yadav,Indian,Bowler,Delhi Capitals,2022,TATA,20000000
Ashwin Hebbar,Indian,Batsman,Delhi Capitals,2022,TATA,2000000
Sarfaraz Khan,Indian,All-Rounder,Delhi Capitals,2022,TATA,2000000
Kamlesh Nagarkoti,Indian,All-Rounder,Delhi Capitals,2022,TATA,11000000
K.S. Bharat,Indian,Wicket Keeper,Delhi Capitals,2022,TATA,20000000
Mandeep Singh,Indian,Batsman,Delhi Capitals,2022,TATA,11000000
Syed Khaleel Ahmed,Indian,Bowler,Delhi Capitals,2022,TATA,52500000
Lungisani Ngidi,Overseas,Bowler,Delhi Capitals,2022,TATA,5000000
Chetan Sakariya,Indian,Bowler,Delhi Capitals,2022,TATA,42000000
Yash Dhull,Indian,All-Rounder,Delhi Capitals,2022,TATA,5000000
Vicky Ostwal,Indian,All-Rounder,Delhi Capitals,2022,TATA,2000000
Ripal Patel,Indian,All-Rounder,Delhi Capitals,2022,TATA,2000000
Lalit Yadav,Indian,All-Rounder,Delhi Capitals,2022,TATA,6500000
Rovman Powell,Overseas,Batsman,Delhi Capitals,2022,TATA,28000000
Tim Seifert,Overseas,Wicket Keeper,Delhi Capitals,2022,TATA,5000000
Pravin Dubey,Indian,All-Rounder,Delhi Capitals,2022,TATA,5000000
Mohammad Shami,Indian,Bowler,Gujarat Titans,2022,TATA,62500000
David Miller,Overseas,Batsman,Gujarat Titans,2022,TATA,30000000
Jason Roy,Overseas,Batsman,Gujarat Titans,2022,TATA,20000000
Wriddhiman Saha,Indian,Wicket Keeper,Gujarat Titans,2022,TATA,19000000
Matthew Wade,Overseas,Wicket Keeper,Gujarat Titans,2022,TATA,24000000
Lockie Ferguson,Overseas,Bowler,Gujarat Titans,2022,TATA,100000000
Abhinav Sadarangani,Indian,Batsman,Gujarat Titans,2022,TATA,26000000
Rahul Tewatia,Indian,All-Rounder,Gujarat Titans,2022,TATA,90000000
Noor Ahmad,Overseas,Bowler,Gujarat Titans,2022,TATA,3000000
R. Sai Kishore,Indian,Bowler,Gujarat Titans,2022,TATA,30000000
Dominic Drakes,Overseas,All-Rounder,Gujarat Titans,2022,TATA,11000000
Vijay Shankar,Indian,All-Rounder,Gujarat Titans,2022,TATA,14000000
Jayant Yadav,Indian,All-Rounder,Gujarat Titans,2022,TATA,17000000
Darshan Nalkande,Indian,All-Rounder,Gujarat Titans,2022,TATA,2000000
Yash Dayal,Indian,Bowler,Gujarat Titans,2022,TATA,32000000
B. Sai Sudharsan,Indian,All-Rounder,Gujarat Titans,2022,TATA,2000000
Gurkeerat Singh,Indian,All-Rounder,Gujarat Titans,2022,TATA,5000000
Alzarri Joseph,Overseas,Bowler,Gujarat Titans,2022,TATA,24000000
Varun Aaron,Indian,Bowler,Gujarat Titans,2022,TATA,5000000
Pradeep Sangwan,Indian,All-Rounder,Gujarat Titans,2022,TATA,2000000
Pat Cummins,Overseas,All-Rounder,Kolkata Knight Riders,2022,TATA,72500000
Shreyas Iyer,Indian,Batsman,Kolkata Knight Riders,2022,TATA,122500000
Mohammad Nabi,Overseas,All-Rounder,Kolkata Knight Riders,2022,TATA,10000000
Nitish Rana,Indian,All-Rounder,Kolkata Knight Riders,2022,TATA,80000000
Sam Billings,Overseas,Wicket Keeper,Kolkata Knight Riders,2022,TATA,20000000
Umesh Yadav,Indian,Bowler,Kolkata Knight Riders,2022,TATA,20000000
Shivam Mavi,Indian,All-Rounder,Kolkata Knight Riders,2022,TATA,72500000
Sheldon Jackson,Indian,Wicket Keeper,Kolkata Knight Riders,2022,TATA,6000000
Ajinkya Rahane,Indian,Batsman,Kolkata Knight Riders,2022,TATA,10000000
Rinku Singh,Indian,Batsman,Kolkata Knight Riders,2022,TATA,5500000
Anukul Roy,Indian,All-Rounder,Kolkata Knight Riders,2022,TATA,2000000
Alex Hales,Overseas,Batsman,Kolkata Knight Riders,2022,TATA,15000000
Rasikh Dar,Indian,Bowler,Kolkata Knight Riders,2022,TATA,2000000
Tim Southee,Overseas,Bowler,Kolkata Knight Riders,2022,TATA,15000000
Baba Indrajith,Indian,Wicket Keeper,Kolkata Knight Riders,2022,TATA,2000000
Chamika Karunaratne,Overseas,All-Rounder,Kolkata Knight Riders,2022,TATA,5000000
Abhijeet Tomar,Indian,Batsman,Kolkata Knight Riders,2022,TATA,4000000
Aman Khan,Indian,All-Rounder,Kolkata Knight Riders,2022,TATA,2000000
Ramesh Kumar,Indian,Batsman,Kolkata Knight Riders,2022,TATA,2000000
Pratham Singh,Indian,Batsman,Kolkata Knight Riders,2022,TATA,2000000
Ashok Sharma,Indian,Bowler,Kolkata Knight Riders,2022,TATA,5500000
Quinton De Kock,Overseas,Wicket Keeper,Lucknow Super Giants,2022,TATA,67500000
Manish Pandey,Indian,Batsman,Lucknow Super Giants,2022,TATA,46000000
Jason Holder,Overseas,All-Rounder,Lucknow Super Giants,2022,TATA,87500000
Deepak Hooda,Indian,All-Rounder,Lucknow Super Giants,2022,TATA,57500000
Krunal Pandya,Indian,All-Rounder,Lucknow Super Giants,2022,TATA,82500000
Mark Wood,Overseas,Bowler,Lucknow Super Giants,2022,TATA,75000000
Avesh Khan,Indian,Bowler,Lucknow Super Giants,2022,TATA,100000000
Ankit Singh Rajpoot,Indian,Bowler,Lucknow Super Giants,2022,TATA,5000000
K. Gowtham,Indian,All-Rounder,Lucknow Super Giants,2022,TATA,9000000
Dushmanta Chameera,Overseas,Bowler,Lucknow Super Giants,2022,TATA,20000000
Shahbaz Nadeem,Indian,Bowler,Lucknow Super Giants,2022,TATA,5000000
Manan Vohra,Indian,Batsman,Lucknow Super Giants,2022,TATA,2000000
Evin Lewis,Overseas,Batsman,Lucknow Super Giants,2022,TATA,20000000
Mohsin Khan,Indian,Bowler,Lucknow Super Giants,2022,TATA,2000000
Mayank Yadav,Indian,Bowler,Lucknow Super Giants,2022,TATA,2000000
Ayush Badoni,Indian,All-Rounder,Lucknow Super Giants,2022,TATA,2000000
Kyle Mayers,Overseas,All-Rounder,Lucknow Super Giants,2022,TATA,5000000
Karan Sharma,Indian,All-Rounder,Lucknow Super Giants,2022,TATA,2000000
Ishan Kishan,Indian,Wicket Keeper,Mumbai Indians,2022,TATA,152500000
Dewald Brevis,Overseas,Batsman,Mumbai Indians,2022,TATA,30000000
Anmolpreet Singh,Indian,Batsman,Mumbai Indians,2022,TATA,2000000
Basil Thampi,Indian,Bowler,Mumbai Indians,2022,TATA,3000000
Murugan Ashwin,Indian,Bowler,Mumbai Indians,2022,TATA,16000000
Jaydev Unadkat,Indian,Bowler,Mumbai Indians,2022,TATA,13000000
Mayank Markande,Indian,Bowler,Mumbai Indians,2022,TATA,6500000
N. Tilak Varma,Indian,All-Rounder,Mumbai Indians,2022,TATA,17000000
Sanjay Yadav,Indian,All-Rounder,Mumbai Indians,2022,TATA,5000000
Jofra Archer,Overseas,All-Rounder,Mumbai Indians,2022,TATA,80000000
Daniel Sams,Overseas,All-Rounder,Mumbai Indians,2022,TATA,26000000
Tymal Mills,Overseas,Bowler,Mumbai Indians,2022,TATA,15000000
Tim David,Overseas,All-Rounder,Mumbai Indians,2022,TATA,82500000
Ramandeep Singh,Indian,All-Rounder,Mumbai Indians,2022,TATA,2000000
Aryan Juyal,Indian,Wicket Keeper,Mumbai Indians,2022,TATA,2000000
Fabian Allen,Overseas,All-Rounder,Mumbai Indians,2022,TATA,7500000
Riley Meredith,Overseas,Bowler,Mumbai Indians,2022,TATA,10000000
Rahul Buddhi,Indian,Batsman,Mumbai Indians,2022,TATA,2000000
Hrithik Shokeen,Indian,All-Rounder,Mumbai Indians,2022,TATA,2000000
Mohd. Arshad Khan,Indian,All-Rounder,Mumbai Indians,2022,TATA,2000000
Arjun Tendulkar,Indian,All-Rounder,Mumbai Indians,2022,TATA,3000000
Shikhar Dhawan,Indian,Batsman,Punjab Kings,2022,TATA,82500000
Kagiso Rabada,Overseas,Bowler,Punjab Kings,2022,TATA,92500000
Jonny Bairstow,Overseas,Wicket Keeper,Punjab Kings,2022,TATA,67500000
Rahul Chahar,Indian,Bowler,Punjab Kings,2022,TATA,52500000
Harpreet Brar,Indian,All-Rounder,Punjab Kings,2022,TATA,38000000
Shahrukh Khan,Indian,All-Rounder,Punjab Kings,2022,TATA,90000000
Jitesh Sharma,Indian,Wicket Keeper,Punjab Kings,2022,TATA,2000000
Prabhsimran Singh,Indian,Wicket Keeper,Punjab Kings,2022,TATA,6000000
Ishan Porel,Indian,Bowler,Punjab Kings,2022,TATA,2500000
Liam Livingstone,Overseas,All-Rounder,Punjab Kings,2022,TATA,115000000
Odean Smith,Overseas,All-Rounder,Punjab Kings,2022,TATA,60000000
Sandeep Sharma,Indian,Bowler,Punjab Kings,2022,TATA,5000000
Raj Angad Bawa,Indian,All-Rounder,Punjab Kings,2022,TATA,20000000
Rishi Dhawan,Indian,All-Rounder,Punjab Kings,2022,TATA,5500000
Nathan Ellis,Overseas,Bowler,Punjab Kings,2022,TATA,7500000
Prerak Mankad,Indian,All-Rounder,Punjab Kings,2022,TATA,2000000
Atharva Taide,Indian,All-Rounder,Punjab Kings,2022,TATA,2000000
Vaibhav Arora,Indian,Bowler,Punjab Kings,2022,TATA,20000000
Bhanuka Rajapaksa,Overseas,Batsman,Punjab Kings,2022,TATA,5000000
Benny Howell,Overseas,All-Rounder,Punjab Kings,2022,TATA,4000000
Writtick Chatterjee,Indian,All-Rounder,Punjab Kings,2022,TATA,2000000
Baltej Dhanda,Indian,Bowler,Punjab Kings,2022,TATA,2000000
Ansh Patel,Indian,All-Rounder,Punjab Kings,2022,TATA,2000000
R. Ashwin,Indian,All-Rounder,Rajasthan Royals,2022,TATA,50000000
Trent Boult,Overseas,Bowler,Rajasthan Royals,2022,TATA,80000000
Shimron Hetmyer,Overseas,Batsman,Rajasthan Royals,2022,TATA,85000000
Devdutt Padikkal,Indian,Batsman,Rajasthan Royals,2022,TATA,77500000
Prasidh Krishna,Indian,Bowler,Rajasthan Royals,2022,TATA,100000000
Yuzvendra Chahal,Indian,Bowler,Rajasthan Royals,2022,TATA,65000000
Riyan Parag,Indian,All-Rounder,Rajasthan Royals,2022,TATA,38000000
K.C Cariappa,Indian,Bowler,Rajasthan Royals,2022,TATA,3000000
James Neesham,Overseas,All-Rounder,Rajasthan Royals,2022,TATA,15000000
Nathan Coulter-Nile,Overseas,Bowler,Rajasthan Royals,2022,TATA,20000000
Navdeep Saini,Indian,Bowler,Rajasthan Royals,2022,TATA,26000000
Kuldeep Sen,Indian,Bowler,Rajasthan Royals,2022,TATA,2000000
Karun Nair,Indian,Batsman,Rajasthan Royals,2022,TATA,14000000
Rassie Van Der Dussen,Overseas,Batsman,Rajasthan Royals,2022,TATA,10000000
Daryl Mitchell,Overseas,All-Rounder,Rajasthan Royals,2022,TATA,7500000
Obed Mccoy,Overseas,Bowler,Rajasthan Royals,2022,TATA,7500000
Dhruv Jurel,Indian,Wicket Keeper,Rajasthan Royals,2022,TATA,2000000
Tejas Baroka,Indian,Bowler,Rajasthan Royals,2022,TATA,2000000
Kuldip Yadav,Indian,Bowler,Rajasthan Royals,2022,TATA,2000000
Shubham Garhwal,Indian,All-Rounder,Rajasthan Royals,2022,TATA,2000000
Anunay Singh,Indian,All-Rounder,Rajasthan Royals,2022,TATA,2000000
Faf Du Plessis,Overseas,Batsman,Royal Challengers Bangalore,2022,TATA,70000000
Wanindu Hasaranga,Overseas,All-Rounder,Royal Challengers Bangalore,2022,TATA,107500000
Harshal Patel,Indian,All-Rounder,Royal Challengers Bangalore,2022,TATA,107500000
Dinesh Karthik,Indian,Wicket Keeper,Royal Challengers Bangalore,2022,TATA,55000000
Josh Hazlewood,Overseas,Bowler,Royal Challengers Bangalore,2022,TATA,77500000
Shahbaz Ahamad,Indian,All-Rounder,Royal Challengers Bangalore,2022,TATA,24000000
Anuj Rawat,Indian,Wicket Keeper,Royal Challengers Bangalore,2022,TATA,34000000
Akash Deep,Indian,Bowler,Royal Challengers Bangalore,2022,TATA,2000000
Karn Sharma,Indian,Bowler,Royal Challengers Bangalore,2022,TATA,5000000
Mahipal Lomror,Indian,All-Rounder,Royal Challengers Bangalore,2022,TATA,9500000
Finn Allen,Overseas,Batsman,Royal Challengers Bangalore,2022,TATA,8000000
Sherfane Rutherford,Overseas,All-Rounder,Royal Challengers Bangalore,2022,TATA,10000000
Jason Behrendorff,Overseas,Bowler,Royal Challengers Bangalore,2022,TATA,7500000
Siddharth Kaul,Indian,Bowler,Royal Challengers Bangalore,2022,TATA,7500000
Suyash Prabhudessai,Indian,All-Rounder,Royal Challengers Bangalore,2022,TATA,3000000
Luvnith Sisodia,Indian,Wicket Keeper,Royal Challengers Bangalore,2022,TATA,2000000
Chama Milind,Indian,Bowler,Royal Challengers Bangalore,2022,TATA,2500000
Aneeshwar Gautam,Indian,All-Rounder,Royal Challengers Bangalore,2022,TATA,2000000
David Willey,Overseas,All-Rounder,Royal Challengers Bangalore,2022,TATA,20000000
Washington Sundar,Indian,All-Rounder,Sunrisers Hyderabad,2022,TATA,87500000
Nicholas Pooran,Overseas,Wicket Keeper,Sunrisers Hyderabad,2022,TATA,107500000
Bhuvneshwar Kumar,Indian,Bowler,Sunrisers Hyderabad,2022,TATA,42000000
T. Natarajan,Indian,Bowler,Sunrisers Hyderabad,2022,TATA,40000000
Priyam Garg,Indian,Batsman,Sunrisers Hyderabad,2022,TATA,2000000
Rahul Tripathi,Indian,Batsman,Sunrisers Hyderabad,2022,TATA,85000000
Abhishek Sharma,Indian,All-Rounder,Sunrisers Hyderabad,2022,TATA,65000000
Vishnu Vinod,Indian,Wicket Keeper,Sunrisers Hyderabad,2022,TATA,5000000
Kartik Tyagi,Indian,Bowler,Sunrisers Hyderabad,2022,TATA,40000000
Shreyas Gopal,Indian,Bowler,Sunrisers Hyderabad,2022,TATA,7500000
Jagadeesha Suchith,Indian,Bowler,Sunrisers Hyderabad,2022,TATA,2000000
Aiden Markram,Overseas,Batsman,Sunrisers Hyderabad,2022,TATA,26000000
Marco Jansen,Overseas,All-Rounder,Sunrisers Hyderabad,2022,TATA,42000000
Romario Shepherd,Overseas,All-Rounder,Sunrisers Hyderabad,2022,TATA,77500000
Glenn Phillips,Overseas,Wicket Keeper,Sunrisers Hyderabad,2022,TATA,15000000
Fazalhaq Farooqi,Overseas,Bowler,Sunrisers Hyderabad,2022,TATA,5000000
Sean Abbott,Overseas,Bowler,Sunrisers Hyderabad,2022,TATA,24000000
R Samarth,Indian,Batsman,Sunrisers Hyderabad,2022,TATA,2000000
Shashank Singh,Indian,All-Rounder,Sunrisers Hyderabad,2022,TATA,2000000
Saurabh Dubey,Indian,Bowler,Sunrisers Hyderabad,2022,TATA,2000000
Krishnappa Gowtham,,All-Rounder,Chennai Super Kings,2021,VIVO,92500000
Moeen Ali,,All-Rounder,Chennai Super Kings,2021,VIVO,70000000
Cheteshwar Pujara,,Batsman,Chennai Super Kings,2021,VIVO,5000000
K.Bhagath Varma,,All-Rounder,Chennai Super Kings,2021,VIVO,2000000
C Hari Nishaanth,,Batsman,Chennai Super Kings,2021,VIVO,2000000
M. Harisankar Reddy,,Bowler,Chennai Super Kings,2021,VIVO,2000000
Tom Curran,,All-Rounder,Delhi Capitals,2021,VIVO,52500000
Steven Smith,,Batsman,Delhi Capitals,2021,VIVO,22000000
Sam Billings,,Wicket Keeper,Delhi Capitals,2021,VIVO,20000000
Umesh Yadav,,Bowler,Delhi Capitals,2021,VIVO,10000000
Ripal Patel,,All-Rounder,Delhi Capitals,2021,VIVO,2000000
Vishnu Vinod,,Wicket Keeper,Delhi Capitals,2021,VIVO,2000000
Lukman Hussain Meriwala,,Bowler,Delhi Capitals,2021,VIVO,2000000
M Siddharth,,Bowler,Delhi Capitals,2021,VIVO,2000000
Shakib Al Hasan,,All-Rounder,Kolkata Knight Riders,2021,VIVO,32000000
Harbhajan Singh,,Bowler,Kolkata Knight Riders,2021,VIVO,20000000
Ben Cutting,,All-Rounder,Kolkata Knight Riders,2021,VIVO,7500000
Karun Nair,,Batsman,Kolkata Knight Riders,2021,VIVO,5000000
Pawan Negi,,All-Rounder,Kolkata Knight Riders,2021,VIVO,5000000
Venkatesh Iyer,,All-Rounder,Kolkata Knight Riders,2021,VIVO,2000000
Sheldon Jackson,,Wicket Keeper,Kolkata Knight Riders,2021,VIVO,2000000
Vaibhav Arora,,Bowler,Kolkata Knight Riders,2021,VIVO,2000000
Nathan Coulter-Nile,,Bowler,Mumbai Indians,2021,VIVO,50000000
Adam Milne,,Bowler,Mumbai Indians,2021,VIVO,32000000
Piyush Chawla,,Bowler,Mumbai Indians,2021,VIVO,24000000
James Neesham,,All-Rounder,Mumbai Indians,2021,VIVO,5000000
Yudhvir Charak,,All-Rounder,Mumbai Indians,2021,VIVO,2000000
Marco Jansen,,All-Rounder,Mumbai Indians,2021,VIVO,2000000
Arjun Tendulkar,,All-Rounder,Mumbai Indians,2021,VIVO,2000000
Jhye Richardson,,Bowler,Punjab Kings,2021,VIVO,140000000
Riley Meredith,,Bowler,Punjab Kings,2021,VIVO,80000000
Shahrukh Khan,,All-Rounder,Punjab Kings,2021,VIVO,52500000
Moises Henriques,,All-Rounder,Punjab Kings,2021,VIVO,42000000
Dawid Malan,,All-Rounder,Punjab Kings,2021,VIVO,15000000
Fabian Allen,,All-Rounder,Punjab Kings,2021,VIVO,7500000
Jalaj Saxena,,All-Rounder,Punjab Kings,2021,VIVO,3000000
Saurabh Kumar,,All-Rounder,Punjab Kings,2021,VIVO,2000000
Utkarsh Singh,,All-Rounder,Punjab Kings,2021,VIVO,2000000
Christopher Morris,,All-Rounder,Rajasthan Royals,2021,VIVO,162500000
Shivam Dube,,All-Rounder,Rajasthan Royals,2021,VIVO,44000000
Chetan Sakariya,,Bowler,Rajasthan Royals,2021,VIVO,12000000
Mustafizur Rahman,,Bowler,Rajasthan Royals,2021,VIVO,10000000
Liam Livingstone,,All-Rounder,Rajasthan Royals,2021,VIVO,7500000
K.C Cariappa,,Bowler,Rajasthan Royals,2021,VIVO,2000000
Akash Singh,,Bowler,Rajasthan Royals,2021,VIVO,2000000
Kuldip Yadav,,Bowler,Rajasthan Royals,2021,VIVO,2000000
Kyle Jamieson,,All-Rounder,Royal Challengers Bangalore,2021,VIVO,150000000
Glenn Maxwell,,All-Rounder,Royal Challengers Bangalore,2021,VIVO,142500000
Dan Christian,,All-Rounder,Royal Challengers Bangalore,2021,VIVO,48000000
Sachin Baby,,Batsman,Royal Challengers Bangalore,2021,VIVO,2000000
Rajat Patidar,,Batsman,Royal Challengers Bangalore,2021,VIVO,2000000
Mohammed Azharudeen,,Wicket Keeper,Royal Challengers Bangalore,2021,VIVO,2000000
Suyash Prabhudesai,,All-Rounder,Royal Challengers Bangalore,2021,VIVO,2000000
Kona Srikar Bharat,,Wicket Keeper,Royal Challengers Bangalore,2021,VIVO,2000000
Kedar Jadhav,,All-Rounder,Sunrisers Hyderabad,2021,VIVO,20000000
Mujeeb Zadran,,Bowler,Sunrisers Hyderabad,2021,VIVO,15000000
J Suchith,,Bowler,Sunrisers Hyderabad,2021,VIVO,3000000
Piyush Chawla,,Bowler,Chennai Super Kings,2020,VIVO,67500000
Sam Curran,,All-Rounder,Chennai Super Kings,2020,VIVO,55000000
Josh Hazlewood,,Bowler,Chennai Super Kings,2020,VIVO,20000000
R. Sai Kishore,,Bowler,Chennai Super Kings,2020,VIVO,2000000
Shimron Hetmyer,,Batsman,Delhi Capitals,2020,VIVO,77500000
Marcus Stoinis,,All-Rounder,Delhi Capitals,2020,VIVO,48000000
Alex Carey,,Wicket Keeper,Delhi Capitals,2020,VIVO,24000000
Jason Roy,,Batsman,Delhi Capitals,2020,VIVO,15000000
Chris Woakes,,All-Rounder,Delhi Capitals,2020,VIVO,15000000
Mohit Sharma,,Bowler,Delhi Capitals,2020,VIVO,5000000
Tushar Deshpande,,Bowler,Delhi Capitals,2020,VIVO,2000000
Lalit Yadav,,All-Rounder,Delhi Capitals,2020,VIVO,2000000
Glenn Maxwell,,All-Rounder,Kings XI Punjab,2020,VIVO,107500000
Sheldon Cottrell,,Bowler,Kings XI Punjab,2020,VIVO,85000000
Chris Jordan,,All-Rounder,Kings XI Punjab,2020,VIVO,30000000
Ravi Bishnoi,,Bowler,Kings XI Punjab,2020,VIVO,20000000
Prabhsimran Singh,,Wicket Keeper,Kings XI Punjab,2020,VIVO,5500000
Deepak Hooda,,All-Rounder,Kings XI Punjab,2020,VIVO,5000000
James Neesham,,All-Rounder,Kings XI Punjab,2020,VIVO,5000000
Tajinder Dhillon,,All-Rounder,Kings XI Punjab,2020,VIVO,2000000
Ishan Porel,,Bowler,Kings XI Punjab,2020,VIVO,2000000
Pat Cummins,,All-Rounder,Kolkata Knight Riders,2020,VIVO,155000000
Eoin Morgan,,Batsman,Kolkata Knight Riders,2020,VIVO,52500000
Varun Chakaravarthy,,All-Rounder,Kolkata Knight Riders,2020,VIVO,40000000
Tom Banton,,Batsman,Kolkata Knight Riders,2020,VIVO,10000000
Rahul Tripathi,,Batsman,Kolkata Knight Riders,2020,VIVO,6000000
Chris Green,,All-Rounder,Kolkata Knight Riders,2020,VIVO,2000000
Nikhil Shankar Naik,,Wicket Keeper,Kolkata Knight Riders,2020,VIVO,2000000
Pravin Tambe,,Bowler,Kolkata Knight Riders,2020,VIVO,2000000
M Siddharth,,Bowler,Kolkata Knight Riders,2020,VIVO,2000000
Nathan Coulter-Nile,,Bowler,Mumbai Indians,2020,VIVO,80000000
Chris Lynn,,Batsman,Mumbai Indians,2020,VIVO,20000000
Saurabh Tiwary,,Batsman,Mumbai Indians,2020,VIVO,5000000
Digvijay Deshmukh,,All-Rounder,Mumbai Indians,2020,VIVO,2000000
Prince Balwant Rai Singh,,All-Rounder,Mumbai Indians,2020,VIVO,2000000
Mohsin Khan,,Bowler,Mumbai Indians,2020,VIVO,2000000
Robin Uthappa,,Batsman,Rajasthan Royals,2020,VIVO,30000000
Jaydev Unadkat,,Bowler,Rajasthan Royals,2020,VIVO,30000000
Yashasvi Jaiswal,,All-Rounder,Rajasthan Royals,2020,VIVO,24000000
Kartik Tyagi,,Bowler,Rajasthan Royals,2020,VIVO,13000000
Tom Curran,,All-Rounder,Rajasthan Royals,2020,VIVO,10000000
Andrew Tye,,Bowler,Rajasthan Royals,2020,VIVO,10000000
Anuj Rawat,,Wicket Keeper,Rajasthan Royals,2020,VIVO,8000000
David Miller,,Batsman,Rajasthan Royals,2020,VIVO,7500000
Oshane Thomas,,Bowler,Rajasthan Royals,2020,VIVO,5000000
Anirudha Ashok Joshi,,All-Rounder,Rajasthan Royals,2020,VIVO,2000000
Akash Singh,,Bowler,Rajasthan Royals,2020,VIVO,2000000
Christopher Morris,,All-Rounder,Royal Challengers Bangalore,2020,VIVO,100000000
Aaron Finch,,Batsman,Royal Challengers Bangalore,2020,VIVO,44000000
Kane Richardson,,Bowler,Royal Challengers Bangalore,2020,VIVO,40000000
Dale Steyn,,Bowler,Royal Challengers Bangalore,2020,VIVO,20000000
Isuru Udana,,All-Rounder,Royal Challengers Bangalore,2020,VIVO,5000000
Shahbaz Ahamad,,Wicket Keeper,Royal Challengers Bangalore,2020,VIVO,2000000
Joshua Philippe,,Wicket Keeper,Royal Challengers Bangalore,2020,VIVO,2000000
Pavan Deshpande,,All-Rounder,Royal Challengers Bangalore,2020,VIVO,2000000
Mitchell Marsh,,All-Rounder,Sunrisers Hyderabad,2020,VIVO,20000000
Priyam Garg,,Batsman,Sunrisers Hyderabad,2020,VIVO,19000000
Virat Singh,,Batsman,Sunrisers Hyderabad,2020,VIVO,19000000
Fabian Allen,,All-Rounder,Sunrisers Hyderabad,2020,VIVO,5000000
Sandeep Bavanaka,,All-Rounder,Sunrisers Hyderabad,2020,VIVO,2000000
Sanjay Yadav,,All-Rounder,Sunrisers Hyderabad,2020,VIVO,2000000
Abdul Samad,,All-Rounder,Sunrisers Hyderabad,2020,VIVO,2000000
Mohit Sharma,,Bowler,Chennai Super Kings,2019,VIVO,50000000
Ruturaj Gaikwad,,Batsman,Chennai Super Kings,2019,VIVO,2000000
Colin Ingram,,Batsman,Delhi Capitals,2019,VIVO,64000000
Axar Rajesh Patel,,All-Rounder,Delhi Capitals,2019,VIVO,50000000
Hanuma Vihari,,Batsman,Delhi Capitals,2019,VIVO,20000000
Sherfane Rutherford,,All-Rounder,Delhi Capitals,2019,VIVO,20000000
Ishant Sharma,,Bowler,Delhi Capitals,2019,VIVO,11000000
Keemo Paul,,All-Rounder,Delhi Capitals,2019,VIVO,5000000
Jalaj Saxena,,All-Rounder,Delhi Capitals,2019,VIVO,2000000
Ankush Bains,,Wicket Keeper,Delhi Capitals,2019,VIVO,2000000
Nathu Singh,,Bowler,Delhi Capitals,2019,VIVO,2000000
Bandaru Ayyappa,,Bowler,Delhi Capitals,2019,VIVO,2000000
Varun Chakaravarthy,,All-Rounder,Kings XI Punjab,2019,VIVO,84000000
Sam Curran,,All-Rounder,Kings XI Punjab,2019,VIVO,72000000
Mohammad Shami,,Bowler,Kings XI Punjab,2019,VIVO,48000000
Prabhsimran Singh,,Wicket Keeper,Kings XI Punjab,2019,VIVO,48000000
Nicolas Pooran,,Wicket Keeper,Kings XI Punjab,2019,VIVO,42000000
Moises Henriques,,All-Rounder,Kings XI Punjab,2019,VIVO,10000000
Hardus Viljoen,,Bowler,Kings XI Punjab,2019,VIVO,7500000
Darshan Nalkande,,All-Rounder,Kings XI Punjab,2019,VIVO,3000000
Sarfaraz Naushad Khan,,All-Rounder,Kings XI Punjab,2019,VIVO,2500000
Arshdeep Singh,,Bowler,Kings XI Punjab,2019,VIVO,2000000
Agnivesh Ayachi,,All-Rounder,Kings XI Punjab,2019,VIVO,2000000
Harpreet Brar,,All-Rounder,Kings XI Punjab,2019,VIVO,2000000
M. Ashwin,,Bowler,Kings XI Punjab,2019,VIVO,2000000
Carlos Brathwaite,,All-Rounder,Kolkata Knight Riders,2019,VIVO,50000000
Lockie Ferguson,,Bowler,Kolkata Knight Riders,2019,VIVO,16000000
Joe Denly,,Batsman,Kolkata Knight Riders,2019,VIVO,10000000
Harry Gurney,,Bowler,Kolkata Knight Riders,2019,VIVO,7500000
Nikhil Shankar Naik,,Wicket Keeper,Kolkata Knight Riders,2019,VIVO,2000000
Shrikant Mundhe,,All-Rounder,Kolkata Knight Riders,2019,VIVO,2000000
Prithvi Raj Yarra,,Bowler,Kolkata Knight Riders,2019,VIVO,2000000
Anrich Nortje,,Bowler,Kolkata Knight Riders,2019,VIVO,2000000
Barinder Singh Sran,,Bowler,Mumbai Indians,2019,VIVO,34000000
Lasith Malinga,,Bowler,Mumbai Indians,2019,VIVO,20000000
Yuvraj Singh,,All-Rounder,Mumbai Indians,2019,VIVO,10000000
Anmolpreet Singh,,Batsman,Mumbai Indians,2019,VIVO,8000000
Pankaj Jaswal,,All-Rounder,Mumbai Indians,2019,VIVO,2000000
Rasikh Dar,,Bowler,Mumbai Indians,2019,VIVO,2000000
Jaydev Unadkat,,Bowler,Rajasthan Royals,2019,VIVO,84000000
Varun Aaron,,Bowler,Rajasthan Royals,2019,VIVO,24000000
Oshane Thomas,,Bowler,Rajasthan Royals,2019,VIVO,11000000
Ashton Turner,,All-Rounder,Rajasthan Royals,2019,VIVO,5000000
Liam Livingstone,,All-Rounder,Rajasthan Royals,2019,VIVO,5000000
Shashank Singh,,All-Rounder,Rajasthan Royals,2019,VIVO,3000000
Riyan Parag,,All-Rounder,Rajasthan Royals,2019,VIVO,2000000
Manan Vohra,,Batsman,Rajasthan Royals,2019,VIVO,2000000
Shubham Ranjane,,All-Rounder,Rajasthan Royals,2019,VIVO,2000000
Shivam Dube,,All-Rounder,Royal Challengers Bangalore,2019,VIVO,50000000
Shimron Hetmyer,,Batsman,Royal Challengers Bangalore,2019,VIVO,42000000
Akshdeep Nath,,All-Rounder,Royal Challengers Bangalore,2019,VIVO,36000000
Prayas Ray Barman,,All-Rounder,Royal Challengers Bangalore,2019,VIVO,15000000
Himmat Singh,,Batsman,Royal Challengers Bangalore,2019,VIVO,6500000
Gurkeerat Singh Mann,,All-Rounder,Royal Challengers Bangalore,2019,VIVO,5000000
Heinrich Klaasen,,Wicket Keeper,Royal Challengers Bangalore,2019,VIVO,5000000
Devdutt Padikkal,,Batsman,Royal Challengers Bangalore,2019,VIVO,2000000
Milind Kumar,,All-Rounder,Royal Challengers Bangalore,2019,VIVO,2000000
Jonny Bairstow,,Wicket Keeper,Sunrisers Hyderabad,2019,VIVO,22000000
Wriddhiman Saha,,Wicket Keeper,Sunrisers Hyderabad,2019,VIVO,12000000
Martin Guptill,,Batsman,Sunrisers Hyderabad,2019,VIVO,10000000
Kedar Jadhav,,All-Rounder,Chennai Super Kings,2018,VIVO,78000000
Dwayne Bravo,,All-Rounder,Chennai Super Kings,2018,VIVO,64000000
Karn Sharma,,Bowler,Chennai Super Kings,2018,VIVO,50000000
Shane Watson,,All-Rounder,Chennai Super Kings,2018,VIVO,40000000
Shardul Narendra Thakur,,Bowler,Chennai Super Kings,2018,VIVO,26000000
Ambati Rayudu,,Wicket Keeper,Chennai Super Kings,2018,VIVO,22000000
Murali Vijay,,Batsman,Chennai Super Kings,2018,VIVO,20000000
Harbhajan Singh,,Bowler,Chennai Super Kings,2018,VIVO,20000000
Faf Du Plessis,,Batsman,Chennai Super Kings,2018,VIVO,16000000
Mark Wood,,Bowler,Chennai Super Kings,2018,VIVO,15000000
Sam Billings,,Wicket Keeper,Chennai Super Kings,2018,VIVO,10000000
Imran Tahir,,Bowler,Chennai Super Kings,2018,VIVO,10000000
Deepak Chahar,,All-Rounder,Chennai Super Kings,2018,VIVO,8000000
Mitchell Santner,,All-Rounder,Chennai Super Kings,2018,VIVO,5000000
Lungisani Ngidi,,Bowler,Chennai Super Kings,2018,VIVO,5000000
Asif K M,,Bowler,Chennai Super Kings,2018,VIVO,4000000
N Jagadeesan,,Wicket Keeper,Chennai Super Kings,2018,VIVO,2000000
Kanishk Seth,,All-Rounder,Chennai Super Kings,2018,VIVO,2000000
Monu Singh,,Bowler,Chennai Super Kings,2018,VIVO,2000000
Dhruv Shorey,,All-Rounder,Chennai Super Kings,2018,VIVO,2000000
Kshitiz Sharma,,All-Rounder,Chennai Super Kings,2018,VIVO,2000000
Chaitanya Bishnoi,,All-Rounder,Chennai Super Kings,2018,VIVO,2000000
Glenn Maxwell,,All-Rounder,Delhi Daredevils,2018,VIVO,90000000
Kagiso Rabada,,Bowler,Delhi Daredevils,2018,VIVO,42000000
Amit Mishra,,Bowler,Delhi Daredevils,2018,VIVO,40000000
Shahbaz Nadeem,,Bowler,Delhi Daredevils,2018,VIVO,32000000
Vijay Shankar,,All-Rounder,Delhi Daredevils,2018,VIVO,32000000
Rahul Tewatia,,All-Rounder,Delhi Daredevils,2018,VIVO,30000000
Mohammad Shami,,Bowler,Delhi Daredevils,2018,VIVO,30000000
Gautam Gambhir,,Batsman,Delhi Daredevils,2018,VIVO,28000000
Trent Boult,,Bowler,Delhi Daredevils,2018,VIVO,22000000
Colin Munro,,All-Rounder,Delhi Daredevils,2018,VIVO,19000000
Daniel Christian,,All-Rounder,Delhi Daredevils,2018,VIVO,15000000
Jason Roy,,Batsman,Delhi Daredevils,2018,VIVO,15000000
Naman Ojha,,Wicket Keeper,Delhi Daredevils,2018,VIVO,14000000
Prithvi Shaw,,Batsman,Delhi Daredevils,2018,VIVO,12000000
Gurkeerat Singh Mann,,All-Rounder,Delhi Daredevils,2018,VIVO,7500000
Avesh Khan,,Bowler,Delhi Daredevils,2018,VIVO,7000000
Abhishek Sharma,,All-Rounder,Delhi Daredevils,2018,VIVO,5500000
Jayant Yadav,,All-Rounder,Delhi Daredevils,2018,VIVO,5000000
Harshal Patel,,All-Rounder,Delhi Daredevils,2018,VIVO,2000000
Manjot Kalra,,Batsman,Delhi Daredevils,2018,VIVO,2000000
Sandeep Lamichhane,,Bowler,Delhi Daredevils,2018,VIVO,2000000
Sayan Ghosh,,Bowler,Delhi Daredevils,2018,VIVO,2000000
KL Rahul,,Batsman,Kings XI Punjab,2018,VIVO,110000000
Ravichandran Ashwin,,All-Rounder,Kings XI Punjab,2018,VIVO,76000000
Andrew Tye,,Bowler,Kings XI Punjab,2018,VIVO,72000000
Aaron Finch,,Batsman,Kings XI Punjab,2018,VIVO,62000000
Marcus Stoinis,,All-Rounder,Kings XI Punjab,2018,VIVO,62000000
Karun Nair,,Batsman,Kings XI Punjab,2018,VIVO,56000000
Mujeeb Zadran,,Bowler,Kings XI Punjab,2018,VIVO,40000000
Ankit Singh Rajpoot,,Bowler,Kings XI Punjab,2018,VIVO,30000000
David Miller,,Batsman,Kings XI Punjab,2018,VIVO,30000000
Mohit Sharma,,Bowler,Kings XI Punjab,2018,VIVO,24000000
Barinder Singh Sran,,Bowler,Kings XI Punjab,2018,VIVO,22000000
Yuvraj Singh,,All-Rounder,Kings XI Punjab,2018,VIVO,20000000
Christopher Gayle,,Batsman,Kings XI Punjab,2018,VIVO,20000000
Ben Dwarshuis,,Bowler,Kings XI Punjab,2018,VIVO,14000000
Akshdeep Nath,,All-Rounder,Kings XI Punjab,2018,VIVO,10000000
Manoj Tiwary,,Batsman,Kings XI Punjab,2018,VIVO,10000000
Mayank Agarwal,,Batsman,Kings XI Punjab,2018,VIVO,10000000
Manzoor Dar,,All-Rounder,Kings XI Punjab,2018,VIVO,2000000
Pardeep Sahu,,Bowler,Kings XI Punjab,2018,VIVO,2000000
Mayank Dagar,,All-Rounder,Kings XI Punjab,2018,VIVO,2000000
Chris Lynn,,Batsman,Kolkata Knight Riders,2018,VIVO,96000000
Mitchell Starc,,Bowler,Kolkata Knight Riders,2018,VIVO,94000000
Dinesh Karthik,,Wicket Keeper,Kolkata Knight Riders,2018,VIVO,74000000
Robin Uthappa,,Wicket Keeper,Kolkata Knight Riders,2018,VIVO,64000000
Kuldeep Singh Yadav,,Bowler,Kolkata Knight Riders,2018,VIVO,58000000
Piyush Chawla,,Bowler,Kolkata Knight Riders,2018,VIVO,42000000
Nitish Rana,,All-Rounder,Kolkata Knight Riders,2018,VIVO,34000000
Kamlesh Nagarkoti,,All-Rounder,Kolkata Knight Riders,2018,VIVO,32000000
Shivam Mavi,,All-Rounder,Kolkata Knight Riders,2018,VIVO,30000000
Mitchell Johnson,,Bowler,Kolkata Knight Riders,2018,VIVO,20000000
Shubman Gill,,Batsman,Kolkata Knight Riders,2018,VIVO,18000000
Ranganath Vinay Kumar,,Bowler,Kolkata Knight Riders,2018,VIVO,10000000
Rinku Singh,,Batsman,Kolkata Knight Riders,2018,VIVO,8000000
Cameron Delport,,All-Rounder,Kolkata Knight Riders,2018,VIVO,3000000
Javon Searless,,All-Rounder,Kolkata Knight Riders,2018,VIVO,3000000
Apoorv Vijay Wankhade,,Batsman,Kolkata Knight Riders,2018,VIVO,2000000
Ishank Jaggi,,Batsman,Kolkata Knight Riders,2018,VIVO,2000000
Krunal Pandya,,All-Rounder,Mumbai Indians,2018,VIVO,88000000
Ishan Kishan,,Wicket Keeper,Mumbai Indians,2018,VIVO,62000000
Kieron Pollard,,All-Rounder,Mumbai Indians,2018,VIVO,54000000
Pat Cummins,,Bowler,Mumbai Indians,2018,VIVO,54000000
Evin Lewis,,Batsman,Mumbai Indians,2018,VIVO,38000000
Suryakumar Yadav,,Batsman,Mumbai Indians,2018,VIVO,32000000
Ben Cutting,,All-Rounder,Mumbai Indians,2018,VIVO,22000000
Mustafizur Rahman,,Bowler,Mumbai Indians,2018,VIVO,22000000
Rahul Chahar,,Bowler,Mumbai Indians,2018,VIVO,19000000
Pradeep Sangwan,,Bowler,Mumbai Indians,2018,VIVO,15000000
Jason Behrendorff,,Bowler,Mumbai Indians,2018,VIVO,15000000
Jean-Paul Duminy,,All-Rounder,Mumbai Indians,2018,VIVO,10000000
Saurabh Tiwary,,Batsman,Mumbai Indians,2018,VIVO,8000000
Tajinder Dhillon,,All-Rounder,Mumbai Indians,2018,VIVO,5500000
Akila Dhananjaya,,Bowler,Mumbai Indians,2018,VIVO,5000000
Nidheesh M D Dinesan,,Bowler,Mumbai Indians,2018,VIVO,2000000
Aditya Tare,,Wicket Keeper,Mumbai Indians,2018,VIVO,2000000
Siddhesh Dinesh Lad,,Batsman,Mumbai Indians,2018,VIVO,2000000
Mayank Markande,,Bowler,Mumbai Indians,2018,VIVO,2000000
Sharad Lumba,,Batsman,Mumbai Indians,2018,VIVO,2000000
Anukul Roy,,All-Rounder,Mumbai Indians,2018,VIVO,2000000
Mohsin Khan,,Bowler,Mumbai Indians,2018,VIVO,2000000
Benjamin Stokes,,All-Rounder,Rajasthan Royals,2018,VIVO,125000000
Jaydev Unadkat,,Bowler,Rajasthan Royals,2018,VIVO,115000000
Sanju Samson,,Wicket Keeper,Rajasthan Royals,2018,VIVO,80000000
Jofra Archer,,All-Rounder,Rajasthan Royals,2018,VIVO,72000000
Krishnappa Gowtham,,Bowler,Rajasthan Royals,2018,VIVO,62000000
Jos Buttler,,Wicket Keeper,Rajasthan Royals,2018,VIVO,44000000
Ajinkya Rahane,,Batsman,Rajasthan Royals,2018,VIVO,40000000
Darcy Short,,All-Rounder,Rajasthan Royals,2018,VIVO,40000000
Rahul Tripathi,,Batsman,Rajasthan Royals,2018,VIVO,34000000
Dhawal Kulkarni,,Bowler,Rajasthan Royals,2018,VIVO,7500000
Zahir Khan Pakteen,,Bowler,Rajasthan Royals,2018,VIVO,6000000
Ben Laughlin,,Bowler,Rajasthan Royals,2018,VIVO,5000000
Stuart Binny,,All-Rounder,Rajasthan Royals,2018,VIVO,5000000
Dushmantha Chameera,,Bowler,Rajasthan Royals,2018,VIVO,5000000
Anureet Singh,,Bowler,Rajasthan Royals,2018,VIVO,3000000
Aryaman Vikram Birla,,All-Rounder,Rajasthan Royals,2018,VIVO,3000000
Midhun S,,All-Rounder,Rajasthan Royals,2018,VIVO,2000000
Shreyas Gopal,,All-Rounder,Rajasthan Royals,2018,VIVO,2000000
Prashant Chopra,,Wicket Keeper,Rajasthan Royals,2018,VIVO,2000000
Jatin Saxena,,All-Rounder,Rajasthan Royals,2018,VIVO,2000000
Ankit Sharma,,All-Rounder,Rajasthan Royals,2018,VIVO,2000000
Mahipal Lomror,,All-Rounder,Rajasthan Royals,2018,VIVO,2000000
Chris Woakes,,All-Rounder,Royal Challengers Bangalore,2018,VIVO,74000000
Yuzvendra Singh Chahal,,Bowler,Royal Challengers Bangalore,2018,VIVO,60000000
Umesh Yadav,,Bowler,Royal Challengers Bangalore,2018,VIVO,42000000
Brendon McCullum,,Batsman,Royal Challengers Bangalore,2018,VIVO,36000000
M.S. Washington Sundar,,All-Rounder,Royal Challengers Bangalore,2018,VIVO,32000000
Navdeep Saini,,Bowler,Royal Challengers Bangalore,2018,VIVO,30000000
Quinton De Kock,,Wicket Keeper,Royal Challengers Bangalore,2018,VIVO,28000000
Mohammed Siraj,,Bowler,Royal Challengers Bangalore,2018,VIVO,26000000
Nathan Coulter-Nile,,Bowler,Royal Challengers Bangalore,2018,VIVO,22000000
Colin De Grandhomme,,All-Rounder,Royal Challengers Bangalore,2018,VIVO,22000000
M. Ashwin,,Bowler,Royal Challengers Bangalore,2018,VIVO,22000000
Parthiv Patel,,Wicket Keeper,Royal Challengers Bangalore,2018,VIVO,17000000
Moeen Ali,,All-Rounder,Royal Challengers Bangalore,2018,VIVO,17000000
Mandeep Singh,,All-Rounder,Royal Challengers Bangalore,2018,VIVO,14000000
Manan Vohra,,Batsman,Royal Challengers Bangalore,2018,VIVO,11000000
Pawan Negi,,All-Rounder,Royal Challengers Bangalore,2018,VIVO,10000000
Tim Southee,,Bowler,Royal Challengers Bangalore,2018,VIVO,10000000
Kulwant Khejroliya,,Bowler,Royal Challengers Bangalore,2018,VIVO,8500000
Aniket Choudhary,,Bowler,Royal Challengers Bangalore,2018,VIVO,3000000
Pavan Deshpande,,All-Rounder,Royal Challengers Bangalore,2018,VIVO,2000000
Anirudha Ashok Joshi,,All-Rounder,Royal Challengers Bangalore,2018,VIVO,2000000
Manish Pandey,,Batsman,Sunrisers Hyderabad,2018,VIVO,110000000
Rashid Khan Arman,,Bowler,Sunrisers Hyderabad,2018,VIVO,90000000
Shikhar Dhawan,,Batsman,Sunrisers Hyderabad,2018,VIVO,52000000
Wriddhiman Saha,,Wicket Keeper,Sunrisers Hyderabad,2018,VIVO,50000000
Siddarth Kaul,,Bowler,Sunrisers Hyderabad,2018,VIVO,38000000
Deepak Hooda,,All-Rounder,Sunrisers Hyderabad,2018,VIVO,36000000
Syed Khaleel Ahmed,,Bowler,Sunrisers Hyderabad,2018,VIVO,30000000
Sandeep Sharma,,Bowler,Sunrisers Hyderabad,2018,VIVO,30000000
Kane Williamson,,Batsman,Sunrisers Hyderabad,2018,VIVO,30000000
Carlos Brathwaite,,All-Rounder,Sunrisers Hyderabad,2018,VIVO,20000000
Shakib Al Hasan,,All-Rounder,Sunrisers Hyderabad,2018,VIVO,20000000
Yusuf Pathan,,All-Rounder,Sunrisers Hyderabad,2018,VIVO,19000000
Shreevats Goswami,,Wicket Keeper,Sunrisers Hyderabad,2018,VIVO,10000000
Mohammad Nabi,,All-Rounder,Sunrisers Hyderabad,2018,VIVO,10000000
Chris Jordan,,All-Rounder,Sunrisers Hyderabad,2018,VIVO,10000000
Basil Thampi,,Bowler,Sunrisers Hyderabad,2018,VIVO,9500000
Billy Stanlake,,Batsman,Sunrisers Hyderabad,2018,VIVO,5000000
T Natarajan,,Bowler,Sunrisers Hyderabad,2018,VIVO,4000000
Sachin Baby,,Batsman,Sunrisers Hyderabad,2018,VIVO,2000000
Bipul Sharma,,All-Rounder,Sunrisers Hyderabad,2018,VIVO,2000000
Syed Mehdi Hasan,,All-Rounder,Sunrisers Hyderabad,2018,VIVO,2000000
Ricky Bhui,,Batsman,Sunrisers Hyderabad,2018,VIVO,2000000
Tanmay Agarwal,,Batsman,Sunrisers Hyderabad,2018,VIVO,2000000
Kagiso Rabada,,Bowler,Delhi Daredevils,2017,VIVO,50000000
Patrick Cummins,,Bowler,Delhi Daredevils,2017,VIVO,45000000
Angelo Mathews,,All-Rounder,Delhi Daredevils,2017,VIVO,20000000
Corey Anderson,,All-Rounder,Delhi Daredevils,2017,VIVO,10000000
M. Ashwin,,Bowler,Delhi Daredevils,2017,VIVO,10000000
Aditya Tare,,Wicket Keeper,Delhi Daredevils,2017,VIVO,2500000
Ankeet Bawane,,Batsman,Delhi Daredevils,2017,VIVO,1000000
Navdeep Saini,,Bowler,Delhi Daredevils,2017,VIVO,1000000
Shashank Singh,,All-Rounder,Delhi Daredevils,2017,VIVO,1000000
Jason Roy,,Batsman,Gujarat Lions,2017,VIVO,10000000
Basil Thampi,,Bowler,Gujarat Lions,2017,VIVO,8500000
Manpreet Gony,,Bowler,Gujarat Lions,2017,VIVO,6000000
Nathu Singh,,Bowler,Gujarat Lions,2017,VIVO,5000000
Munaf Patel,,Bowler,Gujarat Lions,2017,VIVO,3000000
Akshdeep Nath,,All-Rounder,Gujarat Lions,2017,VIVO,1000000
Shubam Agrawal,,All-Rounder,Gujarat Lions,2017,VIVO,1000000
Tejas Singh Baroka,,Bowler,Gujarat Lions,2017,VIVO,1000000
Chirag Suri,,Batsman,Gujarat Lions,2017,VIVO,1000000
Pratham Singh,,All-Rounder,Gujarat Lions,2017,VIVO,1000000
Shelley Shaurya,,Bowler,Gujarat Lions,2017,VIVO,1000000
T Natarajan,,Bowler,Kings XI Punjab,2017,VIVO,30000000
Varun Aaron,,Bowler,Kings XI Punjab,2017,VIVO,28000000
Eoin Morgan,,Batsman,Kings XI Punjab,2017,VIVO,20000000
Matt Henry,,Bowler,Kings XI Punjab,2017,VIVO,5000000
Martin Guptill,,Batsman,Kings XI Punjab,2017,VIVO,5000000
Darren Sammy,,All-Rounder,Kings XI Punjab,2017,VIVO,3000000
Rahul Tewatia,,All-Rounder,Kings XI Punjab,2017,VIVO,2500000
Rinku Singh,,Batsman,Kings XI Punjab,2017,VIVO,1000000
Trent Boult,,Bowler,Kolkata Knight Riders,2017,VIVO,50000000
Chris Woakes,,All-Rounder,Kolkata Knight Riders,2017,VIVO,42000000
Nathan Coulter-Nile,,Bowler,Kolkata Knight Riders,2017,VIVO,35000000
Rishi Dhawan,,All-Rounder,Kolkata Knight Riders,2017,VIVO,5500000
Darren Bravo,,Batsman,Kolkata Knight Riders,2017,VIVO,5000000
Rovman Powell,,All-Rounder,Kolkata Knight Riders,2017,VIVO,3000000
Sayan Ghosh,,Bowler,Kolkata Knight Riders,2017,VIVO,1000000
R. Sanjay Yadav,,All-Rounder,Kolkata Knight Riders,2017,VIVO,1000000
Ishank Jaggi,,Batsman,Kolkata Knight Riders,2017,VIVO,1000000
Karn Sharma,,All-Rounder,Mumbai Indians,2017,VIVO,32000000
Krishnappa Gowtham,,All-Rounder,Mumbai Indians,2017,VIVO,20000000
Mitchell Johnson,,Bowler,Mumbai Indians,2017,VIVO,20000000
Asela Gunarathna,,Batsman,Mumbai Indians,2017,VIVO,3000000
Saurabh Tiwary,,Batsman,Mumbai Indians,2017,VIVO,3000000
Nicolas Pooran,,Wicket Keeper,Mumbai Indians,2017,VIVO,3000000
Kulwant Khejroliya,,Bowler,Mumbai Indians,2017,VIVO,1000000
Benjamin Stokes,,All-Rounder,Rising Pune Supergiant,2017,VIVO,145000000
Daniel Christian,,All-Rounder,Rising Pune Supergiant,2017,VIVO,10000000
Manoj Tiwary,,Batsman,Rising Pune Supergiant,2017,VIVO,5000000
Lockie Ferguson,,Bowler,Rising Pune Supergiant,2017,VIVO,5000000
Jaydev Unadkat,,Bowler,Rising Pune Supergiant,2017,VIVO,3000000
Rahul Chahar,,Bowler,Rising Pune Supergiant,2017,VIVO,1000000
Saurabh Kumar,,Bowler,Rising Pune Supergiant,2017,VIVO,1000000
Milind Tandon,,All-Rounder,Rising Pune Supergiant,2017,VIVO,1000000
Rahul Ajay Tripathi,,All-Rounder,Rising Pune Supergiant,2017,VIVO,1000000
Tymal Mills,,Bowler,Royal Challengers Bangalore,2017,VIVO,120000000
Aniket Choudhary,,Bowler,Royal Challengers Bangalore,2017,VIVO,20000000
Pawan Negi,,All-Rounder,Royal Challengers Bangalore,2017,VIVO,10000000
Billy Stanlake,,Bowler,Royal Challengers Bangalore,2017,VIVO,3000000
Praveen Dubey,,All-Rounder,Royal Challengers Bangalore,2017,VIVO,1000000
Rashid Khan Arman,,Bowler,Sunrisers Hyderabad,2017,VIVO,40000000
Mohammed Siraj,,Bowler,Sunrisers Hyderabad,2017,VIVO,26000000
Eklavya Dwivedi,,Wicket Keeper,Sunrisers Hyderabad,2017,VIVO,7500000
Chris Jordan,,All-Rounder,Sunrisers Hyderabad,2017,VIVO,5000000
Mohammad Nabi,,All-Rounder,Sunrisers Hyderabad,2017,VIVO,3000000
Ben Laughlin,,Bowler,Sunrisers Hyderabad,2017,VIVO,3000000
Pravin Tambe,,Bowler,Sunrisers Hyderabad,2017,VIVO,1000000
Tanmay Agarwal,,Batsman,Sunrisers Hyderabad,2017,VIVO,1000000
Pawan Negi,,All-Rounder,Delhi Daredevils,2016,VIVO,85000000
Christopher Morris,,All-Rounder,Delhi Daredevils,2016,VIVO,70000000
Sanju Samson,,Wicket Keeper,Delhi Daredevils,2016,VIVO,42000000
Carlos Brathwaite,,All-Rounder,Delhi Daredevils,2016,VIVO,42000000
Karun Nair,,Batsman,Delhi Daredevils,2016,VIVO,40000000
Rishabh Pant,,Wicket Keeper,Delhi Daredevils,2016,VIVO,19000000
Joel Paris,,Bowler,Delhi Daredevils,2016,VIVO,3000000
Sam Billings,,Wicket Keeper,Delhi Daredevils,2016,VIVO,3000000
Chama Milind,,Bowler,Delhi Daredevils,2016,VIVO,1000000
Pratyush Singh,,All-Rounder,Delhi Daredevils,2016,VIVO,1000000
Mahipal Lomror,,All-Rounder,Delhi Daredevils,2016,VIVO,1000000
Syed Khaleel Ahmed,,All-Rounder,Delhi Daredevils,2016,VIVO,1000000
Akhil Arvind Herwadkar,,All-Rounder,Delhi Daredevils,2016,VIVO,1000000
Pawan Suyal,,Bowler,Delhi Daredevils,2016,VIVO,1000000
Praveen Kumar,,Bowler,Gujarat Lions,2016,VIVO,35000000
Dale Steyn,,Bowler,Gujarat Lions,2016,VIVO,23000000
Dinesh Karthik,,Wicket Keeper,Gujarat Lions,2016,VIVO,23000000
Dwayne Smith,,All-Rounder,Gujarat Lions,2016,VIVO,23000000
Dhawal Kulkarni,,Bowler,Gujarat Lions,2016,VIVO,20000000
Aaron Finch,,Batsman,Gujarat Lions,2016,VIVO,10000000
Eklavya Dwivedi,,Wicket Keeper,Gujarat Lions,2016,VIVO,10000000
Andrew Tye,,All-Rounder,Gujarat Lions,2016,VIVO,5000000
Ishan Kishan,,Wicket Keeper,Gujarat Lions,2016,VIVO,3500000
Jaydev Shah,,All-Rounder,Gujarat Lions,2016,VIVO,2000000
Shadab Jakati,,All-Rounder,Gujarat Lions,2016,VIVO,2000000
Pravin Tambe,,Bowler,Gujarat Lions,2016,VIVO,2000000
Pradeep Sangwan,,All-Rounder,Gujarat Lions,2016,VIVO,2000000
Amit Mishra,,Bowler,Gujarat Lions,2016,VIVO,1000000
Shivil Kaushik,,Bowler,Gujarat Lions,2016,VIVO,1000000
Akshdeep Nath,,All-Rounder,Gujarat Lions,2016,VIVO,1000000
Sarabjit Ladda,,Bowler,Gujarat Lions,2016,VIVO,1000000
Umang Sharma,,Batsman,Gujarat Lions,2016,VIVO,1000000
Paras Dogra,,Batsman,Gujarat Lions,2016,VIVO,1000000
Mohit Sharma,,Bowler,Kings XI Punjab,2016,VIVO,65000000
Kyle Abbott,,Bowler,Kings XI Punjab,2016,VIVO,21000000
K.C. Cariappa,,Bowler,Kings XI Punjab,2016,VIVO,8000000
Marcus Stoinis,,All-Rounder,Kings XI Punjab,2016,VIVO,5500000
Farhaan Behardien,,All-Rounder,Kings XI Punjab,2016,VIVO,3000000
Pardeep Sahu,,All-Rounder,Kings XI Punjab,2016,VIVO,1000000
Armaan Jaffer,,Batsman,Kings XI Punjab,2016,VIVO,1000000
Swapnil Singh,,All-Rounder,Kings XI Punjab,2016,VIVO,1000000
Jaydev Unadkat,,Bowler,Kolkata Knight Riders,2016,VIVO,16000000
Ankit Singh Rajpoot,,Bowler,Kolkata Knight Riders,2016,VIVO,15000000
John Hastings,,Bowler,Kolkata Knight Riders,2016,VIVO,13000000
Jason Holder,,All-Rounder,Kolkata Knight Riders,2016,VIVO,7000000
Colin Munro,,All-Rounder,Kolkata Knight Riders,2016,VIVO,3000000
Rajagopal Sathish,,All-Rounder,Kolkata Knight Riders,2016,VIVO,2000000
Manan Ajay Sharma,,All-Rounder,Kolkata Knight Riders,2016,VIVO,1000000
Jos Buttler,,Wicket Keeper,Mumbai Indians,2016,VIVO,38000000
Nathu Singh,,Bowler,Mumbai Indians,2016,VIVO,32000000
Tim Southee,,Bowler,Mumbai Indians,2016,VIVO,25000000
Krunal Pandya,,All-Rounder,Mumbai Indians,2016,VIVO,20000000
Kishore Pramod Kamath,,All-Rounder,Mumbai Indians,2016,VIVO,14000000
Deepak Punia,,All-Rounder,Mumbai Indians,2016,VIVO,1000000
Jitesh Sharma,,Wicket Keeper,Mumbai Indians,2016,VIVO,1000000
Mitchell Marsh,,All-Rounder,Rising Pune Supergiant,2016,VIVO,48000000
M. Ashwin,,Bowler,Rising Pune Supergiant,2016,VIVO,45000000
Ishant Sharma,,Bowler,Rising Pune Supergiant,2016,VIVO,38000000
Kevin Pietersen,,Batsman,Rising Pune Supergiant,2016,VIVO,35000000
Irfan Pathan,,All-Rounder,Rising Pune Supergiant,2016,VIVO,10000000
Thisara Perera,,All-Rounder,Rising Pune Supergiant,2016,VIVO,10000000
Rajat Bhatia,,All-Rounder,Rising Pune Supergiant,2016,VIVO,6000000
Ashok Dinda,,Bowler,Rising Pune Supergiant,2016,VIVO,5000000
Scott Boland,,Bowler,Rising Pune Supergiant,2016,VIVO,5000000
Peter Handscomb,,Wicket Keeper,Rising Pune Supergiant,2016,VIVO,3000000
Rudra Pratap Singh,,Bowler,Rising Pune Supergiant,2016,VIVO,3000000
Adam Zampa,,Bowler,Rising Pune Supergiant,2016,VIVO,3000000
Ishwar Chandra Pandey,,Bowler,Rising Pune Supergiant,2016,VIVO,2000000
Deepak Chahar,,All-Rounder,Rising Pune Supergiant,2016,VIVO,1000000
Jaskaran Singh,,Bowler,Rising Pune Supergiant,2016,VIVO,1000000
Baba Aparajith,,All-Rounder,Rising Pune Supergiant,2016,VIVO,1000000
Ankush Bains,,Wicket Keeper,Rising Pune Supergiant,2016,VIVO,1000000
Ankit Sharma,,All-Rounder,Rising Pune Supergiant,2016,VIVO,1000000
Shane Watson,,All-Rounder,Royal Challengers Bangalore,2016,VIVO,95000000
Stuart Binny,,All-Rounder,Royal Challengers Bangalore,2016,VIVO,20000000
Kane Richardson,,Bowler,Royal Challengers Bangalore,2016,VIVO,20000000
Samuel Badree,,Bowler,Royal Challengers Bangalore,2016,VIVO,5000000
Travis Head,,Batsman,Royal Challengers Bangalore,2016,VIVO,5000000
Praveen Dubey,,All-Rounder,Royal Challengers Bangalore,2016,VIVO,3500000
Vikramjeet Malik,,Bowler,Royal Challengers Bangalore,2016,VIVO,2000000
Akshay Karnewar,,All-Rounder,Royal Challengers Bangalore,2016,VIVO,1000000
Iqbal Abdullah,,All-Rounder,Royal Challengers Bangalore,2016,VIVO,1000000
Sachin Baby,,Batsman,Royal Challengers Bangalore,2016,VIVO,1000000
Vikas Tokas,,Bowler,Royal Challengers Bangalore,2016,VIVO,1000000
Yuvraj Singh,,All-Rounder,Sunrisers Hyderabad,2016,VIVO,70000000
Ashish Nehra,,Bowler,Sunrisers Hyderabad,2016,VIVO,55000000
Deepak Hooda,,All-Rounder,Sunrisers Hyderabad,2016,VIVO,42000000
Mustafizur Rahman,,Bowler,Sunrisers Hyderabad,2016,VIVO,14000000
Aditya Tare,,Wicket Keeper,Sunrisers Hyderabad,2016,VIVO,12000000
Barinder Singh Sran,,Bowler,Sunrisers Hyderabad,2016,VIVO,12000000
Ben Cutting,,All-Rounder,Sunrisers Hyderabad,2016,VIVO,5000000
Vijay Shankar,,All-Rounder,Sunrisers Hyderabad,2016,VIVO,3500000
Abhimanyu Mithun,,Bowler,Sunrisers Hyderabad,2016,VIVO,3000000
Tirumalasetti Suman,,Batsman,Sunrisers Hyderabad,2016,VIVO,1000000
Michael Hussey,,Batsman,Chennai Super Kings,2015,PEPSI,15000000
Irfan Pathan,,All-Rounder,Chennai Super Kings,2015,PEPSI,15000000
Rahul Sharma,,Bowler,Chennai Super Kings,2015,PEPSI,3000000
Kyle Abbott,,Bowler,Chennai Super Kings,2015,PEPSI,3000000
Andrew Tye,,Bowler,Chennai Super Kings,2015,PEPSI,2000000
Pratyush Singh,,All-Rounder,Chennai Super Kings,2015,PEPSI,1000000
Ankush Bains,,Wicket Keeper,Chennai Super Kings,2015,PEPSI,1000000
Eklavya Dwivedi,,Wicket Keeper,Chennai Super Kings,2015,PEPSI,1000000
Yuvraj Singh,,Batsman,Delhi Daredevils,2015,PEPSI,160000000
Angelo Mathews,,All-Rounder,Delhi Daredevils,2015,PEPSI,75000000
Zaheer Khan,,Bowler,Delhi Daredevils,2015,PEPSI,40000000
Amit Mishra,,Bowler,Delhi Daredevils,2015,PEPSI,35000000
Shreyas Iyer,,Batsman,Delhi Daredevils,2015,PEPSI,26000000
Gurinder Sandhu,,Bowler,Delhi Daredevils,2015,PEPSI,17000000
Jaydev Unadkat,,Bowler,Delhi Daredevils,2015,PEPSI,11000000
Domnic Joseph Muthuswamy,,Bowler,Delhi Daredevils,2015,PEPSI,7500000
Albie Morkel,,All-Rounder,Delhi Daredevils,2015,PEPSI,3000000
Travis Head,,Batsman,Delhi Daredevils,2015,PEPSI,3000000
Marcus Stoinis,,All-Rounder,Delhi Daredevils,2015,PEPSI,2500000
C.M. Gautam,,Wicket Keeper,Delhi Daredevils,2015,PEPSI,2000000
Kona Srikar Bharat,,Wicket Keeper,Delhi Daredevils,2015,PEPSI,1000000
K.K. Jiyaz,,Bowler,Delhi Daredevils,2015,PEPSI,1000000
Murali Vijay,,Batsman,Kings XI Punjab,2015,PEPSI,30000000
Nikhil Shankar Naik,,Wicket Keeper,Kings XI Punjab,2015,PEPSI,3000000
Yogesh Gowalkar,,All-Rounder,Kings XI Punjab,2015,PEPSI,1000000
K.C. Cariappa,,Bowler,Kolkata Knight Riders,2015,PEPSI,24000000
James Neesham,,All-Rounder,Kolkata Knight Riders,2015,PEPSI,5000000
Brad Hogg,,Bowler,Kolkata Knight Riders,2015,PEPSI,5000000
Aditya Garhwal,,All-Rounder,Kolkata Knight Riders,2015,PEPSI,2500000
Sheldon Jackson,,Batsman,Kolkata Knight Riders,2015,PEPSI,1500000
Sumit Narwal,,All-Rounder,Kolkata Knight Riders,2015,PEPSI,1000000
Vaibhav Rawal,,All-Rounder,Kolkata Knight Riders,2015,PEPSI,1000000
Aaron Finch,,Batsman,Mumbai Indians,2015,PEPSI,32000000
Pragyan Ojha,,Bowler,Mumbai Indians,2015,PEPSI,5000000
Abhimanyu Mithun,,Bowler,Mumbai Indians,2015,PEPSI,3000000
Mitchell McClenaghan,,Bowler,Mumbai Indians,2015,PEPSI,3000000
Aiden Blizzard,,Batsman,Mumbai Indians,2015,PEPSI,3000000
Hardik Pandya,,All-Rounder,Mumbai Indians,2015,PEPSI,1000000
Akshay Wakhare,,Bowler,Mumbai Indians,2015,PEPSI,1000000
Nitish Rana,,All-Rounder,Mumbai Indians,2015,PEPSI,1000000
Siddhesh Dinesh Lad,,All-Rounder,Mumbai Indians,2015,PEPSI,1000000
J. Suchitch,,All-Rounder,Mumbai Indians,2015,PEPSI,1000000
Christopher Morris,,All-Rounder,Rajasthan Royals,2015,PEPSI,14000000
Juan Theron,,Bowler,Rajasthan Royals,2015,PEPSI,3000000
Barinder Singh Saran,,Bowler,Rajasthan Royals,2015,PEPSI,1000000
Dinesh Salunkhe,,All-Rounder,Rajasthan Royals,2015,PEPSI,1000000
Sagar Trivedi,,All-Rounder,Rajasthan Royals,2015,PEPSI,1000000
Pardeep Sahu,,All-Rounder,Rajasthan Royals,2015,PEPSI,1000000
Dinesh Karthik,,Wicket Keeper,Royal Challengers Bangalore,2015,PEPSI,105000000
Darren Sammy,,All-Rounder,Royal Challengers Bangalore,2015,PEPSI,28000000
David Wiese,,All-Rounder,Royal Challengers Bangalore,2015,PEPSI,28000000
Sean Abbott,,Bowler,Royal Challengers Bangalore,2015,PEPSI,10000000
Adam Milne,,Bowler,Royal Challengers Bangalore,2015,PEPSI,7000000
Sarfaraz Naushad Khan,,Batsman,Royal Challengers Bangalore,2015,PEPSI,5000000
Subramaniam Badrinath,,Batsman,Royal Challengers Bangalore,2015,PEPSI,3000000
Jalaj Saxena,,All-Rounder,Royal Challengers Bangalore,2015,PEPSI,1000000
Shishir Bhavane,,Batsman,Royal Challengers Bangalore,2015,PEPSI,1000000
Trent Boult,,Bowler,Sunrisers Hyderabad,2015,PEPSI,38000000
Praveen Kumar,,Bowler,Sunrisers Hyderabad,2015,PEPSI,22000000
Kevin Pietersen,,Batsman,Sunrisers Hyderabad,2015,PEPSI,20000000
Eoin Morgan,,Batsman,Sunrisers Hyderabad,2015,PEPSI,15000000
Ravi Bopara,,All-Rounder,Sunrisers Hyderabad,2015,PEPSI,10000000
Kane Williamson,,All-Rounder,Sunrisers Hyderabad,2015,PEPSI,6000000
Laxmi Ratan Shukla,,All-Rounder,Sunrisers Hyderabad,2015,PEPSI,3000000
Prasanth Padmanabhan,,All-Rounder,Sunrisers Hyderabad,2015,PEPSI,1000000
Hanuma Vihari,,Batsman,Sunrisers Hyderabad,2015,PEPSI,1000000
Siddarth Kaul,,Bowler,Sunrisers Hyderabad,2015,PEPSI,1000000
Faf Du Plessis,,Batsman,Chennai Super Kings,2014,PEPSI,47500000
Dwayne Smith,,Batsman,Chennai Super Kings,2014,PEPSI,45000000
Brendon McCullum,,Wicket Keeper,Chennai Super Kings,2014,PEPSI,32500000
Ashish Nehra,,Bowler,Chennai Super Kings,2014,PEPSI,20000000
Mohit Sharma,,Bowler,Chennai Super Kings,2014,PEPSI,20000000
Ishwar Chandra Pandey,,Bowler,Chennai Super Kings,2014,PEPSI,15000000
Ben Hilfenhaus,,Bowler,Chennai Super Kings,2014,PEPSI,10000000
John Hastings,,All-Rounder,Chennai Super Kings,2014,PEPSI,5000000
Samuel Badree,,Bowler,Chennai Super Kings,2014,PEPSI,3000000
Matt Henry,,Bowler,Chennai Super Kings,2014,PEPSI,3000000
Mithun Manhas,,All-Rounder,Chennai Super Kings,2014,PEPSI,3000000
Vijay Shankar,,All-Rounder,Chennai Super Kings,2014,PEPSI,1000000
Ronit More,,Bowler,Chennai Super Kings,2014,PEPSI,1000000
Baba Aparajith,,Batsman,Chennai Super Kings,2014,PEPSI,1000000
Pawan Negi,,Bowler,Chennai Super Kings,2014,PEPSI,1000000
Dinesh Karthik,,Wicket Keeper,Delhi Daredevils,2014,PEPSI,125000000
Kevin Pietersen,,Batsman,Delhi Daredevils,2014,PEPSI,90000000
Murali Vijay,,Batsman,Delhi Daredevils,2014,PEPSI,50000000
Mohammad Shami,,Bowler,Delhi Daredevils,2014,PEPSI,42500000
Nathan Coulter-Nile,,Bowler,Delhi Daredevils,2014,PEPSI,42500000
Quinton De Kock,,Wicket Keeper,Delhi Daredevils,2014,PEPSI,35000000
Manoj Tiwary,,Batsman,Delhi Daredevils,2014,PEPSI,28000000
Jaydev Unadkat,,Bowler,Delhi Daredevils,2014,PEPSI,28000000
Jean-Paul Duminy,,Batsman,Delhi Daredevils,2014,PEPSI,22000000
Ross Taylor,,Batsman,Delhi Daredevils,2014,PEPSI,20000000
Kedar Jadhav,,Batsman,Delhi Daredevils,2014,PEPSI,20000000
Rahul Sharma,,Bowler,Delhi Daredevils,2014,PEPSI,19000000
Mayank Agarwal,,Batsman,Delhi Daredevils,2014,PEPSI,16000000
Laxmi Ratan Shukla,,All-Rounder,Delhi Daredevils,2014,PEPSI,15000000
James Neesham,,All-Rounder,Delhi Daredevils,2014,PEPSI,10000000
Wayne Parnell,,Bowler,Delhi Daredevils,2014,PEPSI,10000000
Shahbaz Nadeem,,Bowler,Delhi Daredevils,2014,PEPSI,8500000
Saurabh Tiwary,,Batsman,Delhi Daredevils,2014,PEPSI,7000000
Siddarth Kaul,,Bowler,Delhi Daredevils,2014,PEPSI,4500000
Rahul Shukla,,Bowler,Delhi Daredevils,2014,PEPSI,4000000
Jayant Yadav,,All-Rounder,Delhi Daredevils,2014,PEPSI,1000000
HS Sharath,,Bowler,Delhi Daredevils,2014,PEPSI,1000000
Milind Kumar,,Batsman,Delhi Daredevils,2014,PEPSI,1000000
Mitchell Johnson,,All-Rounder,Kings XI Punjab,2014,PEPSI,65000000
Glenn Maxwell,,All-Rounder,Kings XI Punjab,2014,PEPSI,60000000
George Bailey,,Batsman,Kings XI Punjab,2014,PEPSI,32500000
Virender Sehwag,,Batsman,Kings XI Punjab,2014,PEPSI,32000000
Rishi Dhawan,,All-Rounder,Kings XI Punjab,2014,PEPSI,30000000
Wriddhiman Saha,,Wicket Keeper,Kings XI Punjab,2014,PEPSI,22000000
Shaun Marsh,,Batsman,Kings XI Punjab,2014,PEPSI,22000000
Cheteshwar Pujara,,Batsman,Kings XI Punjab,2014,PEPSI,19000000
Beuran Hendricks,,Bowler,Kings XI Punjab,2014,PEPSI,18000000
Lakshmipathy Balaji,,Bowler,Kings XI Punjab,2014,PEPSI,18000000
Thisara Perera,,All-Rounder,Kings XI Punjab,2014,PEPSI,16000000
Gurkirat Singh Mann,,Batsman,Kings XI Punjab,2014,PEPSI,13000000
Murali Kartik,,Bowler,Kings XI Punjab,2014,PEPSI,10000000
Sandeep Sharma,,Bowler,Kings XI Punjab,2014,PEPSI,8500000
Mandeep Hardev Singh,,All-Rounder,Kings XI Punjab,2014,PEPSI,8000000
Akshar Rajesh Patel,,All-Rounder,Kings XI Punjab,2014,PEPSI,7500000
Parvinder Awana,,Bowler,Kings XI Punjab,2014,PEPSI,6500000
Shardul Narendra Thakur,,Bowler,Kings XI Punjab,2014,PEPSI,2000000
Anureet Singh,,Bowler,Kings XI Punjab,2014,PEPSI,2000000
Shivam Sharma,,Bowler,Kings XI Punjab,2014,PEPSI,1000000
Karanveer Singh,,All-Rounder,Kings XI Punjab,2014,PEPSI,1000000
Jacques Kallis,,All-Rounder,Kolkata Knight Riders,2014,PEPSI,55000000
Robin Uthappa,,Batsman,Kolkata Knight Riders,2014,PEPSI,50000000
Piyush Chawla,,Bowler,Kolkata Knight Riders,2014,PEPSI,42500000
Yusuf Pathan,,All-Rounder,Kolkata Knight Riders,2014,PEPSI,32500000
Shakib Al Hasan,,All-Rounder,Kolkata Knight Riders,2014,PEPSI,28000000
Morne Morkel,,Bowler,Kolkata Knight Riders,2014,PEPSI,28000000
Ranganath Vinay Kumar,,Bowler,Kolkata Knight Riders,2014,PEPSI,28000000
Umesh Yadav,,Bowler,Kolkata Knight Riders,2014,PEPSI,26000000
Manish Pandey,,Batsman,Kolkata Knight Riders,2014,PEPSI,17000000
Chris Lynn,,Batsman,Kolkata Knight Riders,2014,PEPSI,13000000
Patrick Cummins,,Bowler,Kolkata Knight Riders,2014,PEPSI,10000000
Ryan Ten Doeschate,,All-Rounder,Kolkata Knight Riders,2014,PEPSI,10000000
Suryakumar Yadav,,Batsman,Kolkata Knight Riders,2014,PEPSI,7000000
Andre Russell,,All-Rounder,Kolkata Knight Riders,2014,PEPSI,6000000
Manvinder Bisla,,Wicket Keeper,Kolkata Knight Riders,2014,PEPSI,6000000
Veer Pratap Singh,,Bowler,Kolkata Knight Riders,2014,PEPSI,4000000
Kuldeep Singh Yadav,,Bowler,Kolkata Knight Riders,2014,PEPSI,4000000
Debabrata Das,,Wicket Keeper,Kolkata Knight Riders,2014,PEPSI,2000000
Sayan Sekhar Mandal,,All-Rounder,Kolkata Knight Riders,2014,PEPSI,1000000
Michael Hussey,,Batsman,Mumbai Indians,2014,PEPSI,50000000
Corey Anderson,,All-Rounder,Mumbai Indians,2014,PEPSI,45000000
Pragyan Ojha,,Bowler,Mumbai Indians,2014,PEPSI,32500000
Zaheer Khan,,Bowler,Mumbai Indians,2014,PEPSI,26000000
Aditya Tare,,Wicket Keeper,Mumbai Indians,2014,PEPSI,16000000
Jasprit Bumrah,,Bowler,Mumbai Indians,2014,PEPSI,12000000
Jalaj Saxena,,All-Rounder,Mumbai Indians,2014,PEPSI,9000000
Josh Hazlewood,,Bowler,Mumbai Indians,2014,PEPSI,5000000
Marchant De Lange,,Bowler,Mumbai Indians,2014,PEPSI,3000000
Krismar Santokie,,Bowler,Mumbai Indians,2014,PEPSI,3000000
Ben Dunk,,Wicket Keeper,Mumbai Indians,2014,PEPSI,2000000
C.M. Gautam,,Wicket Keeper,Mumbai Indians,2014,PEPSI,2000000
Apoorv Vijay Wankhade,,Batsman,Mumbai Indians,2014,PEPSI,1000000
Pawan Suyal,,Bowler,Mumbai Indians,2014,PEPSI,1000000
Sushant Marathe,,Wicket Keeper,Mumbai Indians,2014,PEPSI,1000000
Shreyas Gopal,,Bowler,Mumbai Indians,2014,PEPSI,1000000
Steven Smith,,All-Rounder,Rajasthan Royals,2014,PEPSI,40000000
Brad Hodge,,Batsman,Rajasthan Royals,2014,PEPSI,24000000
Rajat Bhatia,,All-Rounder,Rajasthan Royals,2014,PEPSI,17000000
Tim Southee,,Bowler,Rajasthan Royals,2014,PEPSI,12000000
Dhawal Kulkarni,,Bowler,Rajasthan Royals,2014,PEPSI,11000000
Abhishek Nayar,,All-Rounder,Rajasthan Royals,2014,PEPSI,10000000
Kane Richardson,,Bowler,Rajasthan Royals,2014,PEPSI,10000000
Ben Cutting,,Bowler,Rajasthan Royals,2014,PEPSI,8000000
Karun Nair,,Batsman,Rajasthan Royals,2014,PEPSI,7500000
Unmukt Chand,,Batsman,Rajasthan Royals,2014,PEPSI,6500000
Iqbal Abdullah,,All-Rounder,Rajasthan Royals,2014,PEPSI,6500000
Deepak Hooda,,Bowler,Rajasthan Royals,2014,PEPSI,4000000
Dishant Yagnik,,Wicket Keeper,Rajasthan Royals,2014,PEPSI,3000000
Kevon Cooper,,All-Rounder,Rajasthan Royals,2014,PEPSI,3000000
Vikramjeet Malik,,Bowler,Rajasthan Royals,2014,PEPSI,2000000
Ankit Nagendra Sharma,,Bowler,Rajasthan Royals,2014,PEPSI,1000000
Rahul Tewatia,,All-Rounder,Rajasthan Royals,2014,PEPSI,1000000
Ankush Bains,,Wicket Keeper,Rajasthan Royals,2014,PEPSI,1000000
Amit Mishra,,Bowler,Rajasthan Royals,2014,PEPSI,1000000
Pravin Tambe,,Bowler,Rajasthan Royals,2014,PEPSI,1000000
Yuvraj Singh,,All-Rounder,Royal Challengers Bangalore,2014,PEPSI,140000000
Mitchell Starc,,Bowler,Royal Challengers Bangalore,2014,PEPSI,50000000
Albie Morkel,,All-Rounder,Royal Challengers Bangalore,2014,PEPSI,24000000
Varun Aaron,,Bowler,Royal Challengers Bangalore,2014,PEPSI,20000000
Ashok Dinda,,Bowler,Royal Challengers Bangalore,2014,PEPSI,15000000
Parthiv Patel,,Wicket Keeper,Royal Challengers Bangalore,2014,PEPSI,14000000
Muttiah Muralitharan,,Bowler,Royal Challengers Bangalore,2014,PEPSI,10000000
Ravi Rampaul,,Bowler,Royal Challengers Bangalore,2014,PEPSI,9000000
Nic Maddinson,,Batsman,Royal Challengers Bangalore,2014,PEPSI,5000000
Harshal Patel,,Bowler,Royal Challengers Bangalore,2014,PEPSI,4000000
Vijay Zol,,Batsman,Royal Challengers Bangalore,2014,PEPSI,3000000
Abu Nechim Ahmed,,Bowler,Royal Challengers Bangalore,2014,PEPSI,3000000
Sachin Rana,,Bowler,Royal Challengers Bangalore,2014,PEPSI,2000000
Shadab Jakati,,Bowler,Royal Challengers Bangalore,2014,PEPSI,2000000
Sandeep Warrier,,Bowler,Royal Challengers Bangalore,2014,PEPSI,1000000
Tanmay Mishra,,Batsman,Royal Challengers Bangalore,2014,PEPSI,1000000
Yogesh Takawale,,Wicket Keeper,Royal Challengers Bangalore,2014,PEPSI,1000000
Yuzvendra Singh Chahal,,Bowler,Royal Challengers Bangalore,2014,PEPSI,1000000
David Warner,,Batsman,Sunrisers Hyderabad,2014,PEPSI,55000000
Amit Mishra,,Bowler,Sunrisers Hyderabad,2014,PEPSI,47500000
Bhuvneshwar Kumar,,Bowler,Sunrisers Hyderabad,2014,PEPSI,42500000
Aaron Finch,,Batsman,Sunrisers Hyderabad,2014,PEPSI,40000000
Karn Sharma,,Bowler,Sunrisers Hyderabad,2014,PEPSI,37500000
Darren Sammy,,All-Rounder,Sunrisers Hyderabad,2014,PEPSI,35000000
Ishant Sharma,,Bowler,Sunrisers Hyderabad,2014,PEPSI,26000000
Irfan Pathan,,All-Rounder,Sunrisers Hyderabad,2014,PEPSI,24000000
Moises Henriques,,All-Rounder,Sunrisers Hyderabad,2014,PEPSI,10000000
KL Rahul,,Batsman,Sunrisers Hyderabad,2014,PEPSI,10000000
Parveez Rasool,,All-Rounder,Sunrisers Hyderabad,2014,PEPSI,9500000
Jason Holder,,Bowler,Sunrisers Hyderabad,2014,PEPSI,7500000
Venugopal Rao,,Batsman,Sunrisers Hyderabad,2014,PEPSI,5500000
Naman Ojha,,Wicket Keeper,Sunrisers Hyderabad,2014,PEPSI,5000000
Brendan Taylor,,Wicket Keeper,Sunrisers Hyderabad,2014,PEPSI,3000000
Prasanth Parameswaran,,Bowler,Sunrisers Hyderabad,2014,PEPSI,3000000
Amit Paunikar,,Wicket Keeper,Sunrisers Hyderabad,2014,PEPSI,2000000
Ashish Reddy,,Bowler,Sunrisers Hyderabad,2014,PEPSI,2000000
Srikkanth Anirudha,,Batsman,Sunrisers Hyderabad,2014,PEPSI,2000000
Ricky Bhui,,Batsman,Sunrisers Hyderabad,2014,PEPSI,1000000
Chama Milind,,Bowler,Sunrisers Hyderabad,2014,PEPSI,1000000
Manprit Juneja,,Batsman,Sunrisers Hyderabad,2014,PEPSI,1000000
Christopher Morris,,All-Rounder,Chennai Super Kings,2013,PEPSI,46875000
Dirk Nannes,,Bowler,Chennai Super Kings,2013,PEPSI,45000000
Ben Laughlin,,Bowler,Chennai Super Kings,2013,PEPSI,1500000
Akila Dananjaya,,All-Rounder,Chennai Super Kings,2013,PEPSI,1500000
Jason Holder,,Bowler,Chennai Super Kings,2013,PEPSI,1500000
Jeevan Mendis,,All-Rounder,Delhi Daredevils,2013,PEPSI,3750000
Manpreet Gony,,Bowler,Kings XI Punjab,2013,PEPSI,37500000
Luke Pomersbach,,Batsman,Kings XI Punjab,2013,PEPSI,22500000
Sachithra Senanayaka,,All-Rounder,Kolkata Knight Riders,2013,PEPSI,46875000
Ryan McLaren,,Bowler,Kolkata Knight Riders,2013,PEPSI,3750000
Glenn Maxwell,,All-Rounder,Mumbai Indians,2013,PEPSI,75000000
Nathan Coulter-Nile,,Bowler,Mumbai Indians,2013,PEPSI,33750000
Ricky Ponting,,Batsman,Mumbai Indians,2013,PEPSI,30000000
Philip Hughes,,Batsman,Mumbai Indians,2013,PEPSI,7500000
Jacob Oram,,All-Rounder,Mumbai Indians,2013,PEPSI,3750000
Ajantha Mendis,,Bowler,Pune Warriors India,2013,PEPSI,54375000
Kane Richardson,,Bowler,Pune Warriors India,2013,PEPSI,52500000
Abhishek Nayar,,All-Rounder,Pune Warriors India,2013,PEPSI,50625000
Michael Clarke,,Batsman,Pune Warriors India,2013,PEPSI,30000000
James Faulkner,,All-Rounder,Rajasthan Royals,2013,PEPSI,30000000
Fidel Edwards,,Bowler,Rajasthan Royals,2013,PEPSI,15750000
Kusal Janith Perera,,Wicket Keeper,Rajasthan Royals,2013,PEPSI,1500000
Jaydev Unadkat,,Bowler,Royal Challengers Bangalore,2013,PEPSI,39375000
Rudra Pratap Singh,,Bowler,Royal Challengers Bangalore,2013,PEPSI,30000000
Moises Henriques,,All-Rounder,Royal Challengers Bangalore,2013,PEPSI,22500000
Ravi Rampaul,,Bowler,Royal Challengers Bangalore,2013,PEPSI,21750000
Pankaj Singh,,Bowler,Royal Challengers Bangalore,2013,PEPSI,11250000
Daniel Christian,,All-Rounder,Royal Challengers Bangalore,2013,PEPSI,7500000
Christopher Barnwell,,All-Rounder,Royal Challengers Bangalore,2013,PEPSI,3750000
Thisara Perera,,All-Rounder,Sunrisers Hyderabad,2013,PEPSI,50625000
Darren Sammy,,All-Rounder,Sunrisers Hyderabad,2013,PEPSI,31875000
Sudeep Tyagi,,Bowler,Sunrisers Hyderabad,2013,PEPSI,7500000
Clinton McKay,,Bowler,Sunrisers Hyderabad,2013,PEPSI,7500000
Nathan McCullum,,Bowler,Sunrisers Hyderabad,2013,PEPSI,7500000
Quinton De Kock,,Wicket Keeper,Sunrisers Hyderabad,2013,PEPSI,1500000
